{
  "framework": "DvM BISE 2025 — Sequential & Declarative Patterns",
  "timestamp": "2026-05-22T15:00:54.673085",
  "reference": "Di Francescomarino et al. (2025). BISE 67(6):877-894.",
  "config": {
    "candidate_threshold": 0.1,
    "support_threshold": 0.0,
    "coverage_threshold": 20,
    "n_cv_folds": 10,
    "random_state": 42,
    "tau_min": 0.0,
    "fisher_eps": 1e-10
  },
  "timing": {
    "data_loading": 0.8818337917327881,
    "data_feature_extraction": 5.305538177490234,
    "sequential_mining": 0.2812001705169678,
    "declare_discovery": 0.8632664680480957,
    "declD_discovery": 10.298650741577148,
    "cross_validation": 999.1181335449219,
    "total": 1121.3537752628326
  },
  "n_encodings_evaluated": 19,
  "ripper_available": true,
  "results_by_encoding": {
    "ia": {
      "ripper": {
        "precision": 0.23333333333333334,
        "recall": 0.013333333333333332,
        "f1": 0.024014336917562724,
        "accuracy": 0.7168681318681319,
        "auc": 0.502017543859649,
        "anr": 1.2,
        "arl": 4.4
      },
      "dt": {
        "precision": 0.393723671185308,
        "recall": 0.2214942528735632,
        "f1": 0.2806144640746231,
        "accuracy": 0.6864285714285715,
        "auc": 0.6563000000000001,
        "anr": 42.8,
        "arl": 9.194648590852264
      }
    },
    "mr": {
      "ripper": {
        "precision": 0.0,
        "recall": 0.0,
        "f1": 0.0,
        "accuracy": 0.0,
        "auc": 0.5,
        "anr": 0.0,
        "arl": 0.0
      },
      "dt": {
        "precision": 0.0,
        "recall": 0.0,
        "f1": 0.0,
        "accuracy": 0.0,
        "auc": 0.5,
        "anr": 0.0,
        "arl": 0.0
      }
    },
    "tr": {
      "ripper": {
        "precision": 0.4823540348540349,
        "recall": 0.12942528735632183,
        "f1": 0.19640753427164073,
        "accuracy": 0.7101282051282052,
        "auc": 0.5329407138535995,
        "anr": 1.8,
        "arl": 1.0
      },
      "dt": {
        "precision": 0.28409090909090906,
        "recall": 0.017241379310344827,
        "f1": 0.030845552297165197,
        "accuracy": 0.7110805860805861,
        "auc": 0.5414133293002622,
        "anr": 1.2,
        "arl": 3.75
      }
    },
    "mra": {
      "ripper": {
        "precision": 0.4,
        "recall": 0.024022988505747127,
        "f1": 0.044771505376344084,
        "accuracy": 0.723543956043956,
        "auc": 0.5100378100423473,
        "anr": 1.0,
        "arl": 1.0
      },
      "dt": {
        "precision": 0.3,
        "recall": 0.017126436781609196,
        "f1": 0.03186827956989247,
        "accuracy": 0.7216391941391941,
        "auc": 0.536103004638032,
        "anr": 3.2,
        "arl": 4.13
      }
    },
    "tra": {
      "ripper": {
        "precision": 0.0,
        "recall": 0.0,
        "f1": 0.0,
        "accuracy": 0.0,
        "auc": 0.5,
        "anr": 0.0,
        "arl": 0.0
      },
      "dt": {
        "precision": 0.0,
        "recall": 0.0,
        "f1": 0.0,
        "accuracy": 0.0,
        "auc": 0.5,
        "anr": 0.0,
        "arl": 0.0
      }
    },
    "declare": {
      "ripper": {
        "precision": 0.25,
        "recall": 0.017011494252873564,
        "f1": 0.03128787878787879,
        "accuracy": 0.7206868131868132,
        "auc": 0.5058566243194192,
        "anr": 1.0,
        "arl": 4.8
      },
      "dt": {
        "precision": 0.5158641358641358,
        "recall": 0.1395402298850575,
        "f1": 0.21383184748896822,
        "accuracy": 0.7216391941391942,
        "auc": 0.723901996370236,
        "anr": 12.5,
        "arl": 7.210157620157621
      }
    },
    "h": {
      "ripper": {
        "precision": 0.25,
        "recall": 0.017011494252873564,
        "f1": 0.03128787878787879,
        "accuracy": 0.7206868131868132,
        "auc": 0.5058566243194192,
        "anr": 1.0,
        "arl": 4.8
      },
      "dt": {
        "precision": 0.5158641358641358,
        "recall": 0.1395402298850575,
        "f1": 0.21383184748896822,
        "accuracy": 0.7216391941391942,
        "auc": 0.723901996370236,
        "anr": 12.5,
        "arl": 7.210157620157621
      }
    },
    "data": {
      "ripper": {
        "precision": 0.9904166666666667,
        "recall": 0.9897701149425288,
        "f1": 0.9898755911100879,
        "accuracy": 0.9942857142857143,
        "auc": 0.992893829401089,
        "anr": 1.2,
        "arl": 1.2
      },
      "dt": {
        "precision": 0.9967741935483871,
        "recall": 0.9965517241379309,
        "f1": 0.9966062697727927,
        "accuracy": 0.9980952380952381,
        "auc": 0.9976091954022989,
        "anr": 2.1,
        "arl": 2.066666666666667
      }
    },
    "decld": {
      "ripper": {
        "precision": 0.25,
        "recall": 0.017011494252873564,
        "f1": 0.03128787878787879,
        "accuracy": 0.7206868131868132,
        "auc": 0.5058566243194192,
        "anr": 1.0,
        "arl": 4.8
      },
      "dt": {
        "precision": 0.5158641358641358,
        "recall": 0.1395402298850575,
        "f1": 0.21383184748896822,
        "accuracy": 0.7216391941391942,
        "auc": 0.723901996370236,
        "anr": 12.5,
        "arl": 7.210157620157621
      }
    },
    "data+ia": {
      "ripper": {
        "precision": 1.0,
        "recall": 0.9897701149425288,
        "f1": 0.9947963128159382,
        "accuracy": 0.9971428571428571,
        "auc": 0.9948850574712644,
        "anr": 1.5,
        "arl": 1.5
      },
      "dt": {
        "precision": 1.0,
        "recall": 0.9965517241379309,
        "f1": 0.9982456140350877,
        "accuracy": 0.9990476190476191,
        "auc": 0.9982758620689655,
        "anr": 2.1,
        "arl": 2.066666666666667
      }
    },
    "data+mr": {
      "ripper": {
        "precision": 0.9904166666666667,
        "recall": 0.9897701149425288,
        "f1": 0.9898755911100879,
        "accuracy": 0.9942857142857143,
        "auc": 0.992893829401089,
        "anr": 1.2,
        "arl": 1.2
      },
      "dt": {
        "precision": 0.9967741935483871,
        "recall": 0.9965517241379309,
        "f1": 0.9966062697727927,
        "accuracy": 0.9980952380952381,
        "auc": 0.9976091954022989,
        "anr": 2.1,
        "arl": 2.066666666666667
      }
    },
    "data+tr": {
      "ripper": {
        "precision": 0.9966666666666667,
        "recall": 0.9897701149425288,
        "f1": 0.9931013975617009,
        "accuracy": 0.9961904761904762,
        "auc": 0.9942271627344222,
        "anr": 1.6,
        "arl": 1.35
      },
      "dt": {
        "precision": 1.0,
        "recall": 0.9932183908045978,
        "f1": 0.9965506987808505,
        "accuracy": 0.9980952380952381,
        "auc": 0.9966091954022989,
        "anr": 2.1,
        "arl": 2.066666666666667
      }
    },
    "data+mra": {
      "ripper": {
        "precision": 0.9904166666666667,
        "recall": 0.9897701149425288,
        "f1": 0.9898755911100879,
        "accuracy": 0.9942857142857143,
        "auc": 0.992893829401089,
        "anr": 1.2,
        "arl": 1.2
      },
      "dt": {
        "precision": 1.0,
        "recall": 0.9965517241379309,
        "f1": 0.9982456140350877,
        "accuracy": 0.9990476190476191,
        "auc": 0.9982758620689655,
        "anr": 2.1,
        "arl": 2.066666666666667
      }
    },
    "data+tra": {
      "ripper": {
        "precision": 0.9904166666666667,
        "recall": 0.9897701149425288,
        "f1": 0.9898755911100879,
        "accuracy": 0.9942857142857143,
        "auc": 0.992893829401089,
        "anr": 1.2,
        "arl": 1.2
      },
      "dt": {
        "precision": 0.9967741935483871,
        "recall": 0.9965517241379309,
        "f1": 0.9966062697727927,
        "accuracy": 0.9980952380952381,
        "auc": 0.9976091954022989,
        "anr": 2.1,
        "arl": 2.066666666666667
      }
    },
    "data+declare": {
      "ripper": {
        "precision": 1.0,
        "recall": 0.9897701149425288,