{
  "rq1_version": "2.0",
  "method": "BISE2025_DvM",
  "output_set": "sel_features",
  "log_name": "Sepsis",
  "timestamp": "2026-05-22T01:31:43.529447",
  "config": {
    "B_NULL": 200,
    "ALPHA": 0.05,
    "BASE_SEED": 20260521,
    "N_JOBS": 4,
    "coverage_threshold": 20,
    "support_threshold": 0.0,
    "fisher_eps": 1e-10,
    "R_obs_sel": 83,
    "m_total": 1094
  },
  "R_obs": 83,
  "metrics": {
    "R_obs": 83,
    "E_V_b": 73.77,
    "FDR_emp": 0.8887951807228915,
    "PCER_emp": 0.06743144424131627,
    "FWER_emp": 1.0,
    "FDR_CI_lower": 0.8596384276954819,
    "FDR_CI_upper": 0.9167966469975144,
    "B_null": 200,
    "m_total": 1094,
    "alpha": 0.05,
    "controls_FDR": false
  },
  "null_replicate_summary": {
    "mean_V_b": 73.77,
    "std_V_b": 17.134967172422595,
    "max_V_b": 125,
    "n_zero_V_b": 0
  },
  "diagnostics": {
    "m_total": 1094,
    "R_obs_sel": 83,
    "R_obs_ripper": 5,
    "R_obs_dt": 23,
    "R_obs_union": 25,
    "coverage_threshold": 20,
    "fisher_mean": 0.02859828063323335,
    "fisher_median": 0.010930226911531397,
    "fisher_min": 0.0,
    "fisher_max": 0.18400618079669,
    "n_nonzero_fisher": 1077,
    "n_zero_fisher": 17,
    "n_nonfinite": 0
  },
  "timing": {
    "original_DvM_seconds": 9.221506595611572,
    "null_permutations_seconds": 489.3483176231384,
    "total_seconds": 498.56982421875
  }
}