{
  "framework": "DvM BISE 2025 — Sequential & Declarative Patterns",
  "timestamp": "2026-05-21T14:36:06.101259",
  "reference": "Di Francescomarino et al. (2025). BISE 67(6):877-894.",
  "config": {
    "candidate_threshold": 0.1,
    "support_threshold": 0.0,
    "coverage_threshold": 20,
    "n_cv_folds": 10,
    "random_state": 42,
    "tau_min": 0.0,
    "fisher_eps": 1e-10
  },
  "timing": {
    "data_loading": 0.18159008026123047,
    "data_feature_extraction": 0.6867775917053223,
    "sequential_mining": 0.07054519653320312,
    "declare_discovery": 1.456092357635498,
    "declD_discovery": 2.9734115600585938,
    "cross_validation": 657.8917860984802,
    "total": 734.7658898830414
  },
  "n_encodings_evaluated": 19,
  "ripper_available": true,
  "results_by_encoding": {
    "ia": {
      "ripper": {
        "precision": 0.7780086580086579,
        "recall": 0.7878787878787878,
        "f1": 0.775012706591654,
        "accuracy": 0.7636363636363637,
        "auc": 0.7625757575757575,
        "anr": 3.4,
        "arl": 1.9666666666666668
      },
      "dt": {
        "precision": 0.8280584693084693,
        "recall": 0.8204545454545455,
        "f1": 0.8192508940335028,
        "accuracy": 0.8045454545454545,
        "auc": 0.7983092286501376,
        "anr": 14.6,
        "arl": 5.2265476190476186
      }
    },
    "mr": {
      "ripper": {
        "precision": 0.6375189198486412,
        "recall": 0.9075757575757576,
        "f1": 0.7480704604175127,
        "accuracy": 0.6727272727272727,
        "auc": 0.6565151515151515,
        "anr": 2.2,
        "arl": 2.3666666666666667
      },
      "dt": {
        "precision": 0.6292089291857094,
        "recall": 0.8992424242424244,
        "f1": 0.7387501510972034,
        "accuracy": 0.6590909090909091,
        "auc": 0.6677685950413224,
        "anr": 3.2,
        "arl": 3.475
      }
    },
    "tr": {
      "ripper": {
        "precision": 0.5182466583124479,
        "recall": 0.6583333333333333,
        "f1": 0.5243873256373256,
        "accuracy": 0.5818181818181819,
        "auc": 0.575530303030303,
        "anr": 1.5,
        "arl": 2.05
      },
      "dt": {
        "precision": 0.5789387684898519,
        "recall": 0.7984848484848486,
        "f1": 0.6597979175996418,
        "accuracy": 0.5863636363636364,
        "auc": 0.5851067493112947,
        "anr": 11.6,
        "arl": 4.4993897044984
      }
    },
    "mra": {
      "ripper": {
        "precision": 0.6226973684210526,
        "recall": 0.790909090909091,
        "f1": 0.6601331285202252,
        "accuracy": 0.6545454545454545,
        "auc": 0.649090909090909,
        "anr": 1.8,
        "arl": 1.95
      },
      "dt": {
        "precision": 0.6344886726620473,
        "recall": 0.9325757575757576,
        "f1": 0.7507273172178622,
        "accuracy": 0.6727272727272727,
        "auc": 0.6478477961432507,
        "anr": 6.4,
        "arl": 4.689047619047619
      }
    },
    "tra": {
      "ripper": {
        "precision": 0.5722378863826231,
        "recall": 0.825,
        "f1": 0.6613304899998449,
        "accuracy": 0.6045454545454546,
        "auc": 0.5847727272727272,
        "anr": 1.8,
        "arl": 2.066666666666667
      },
      "dt": {
        "precision": 0.5957781709174899,
        "recall": 0.8643939393939395,
        "f1": 0.703209422761147,
        "accuracy": 0.6136363636363636,
        "auc": 0.6112465564738292,
        "anr": 14.3,
        "arl": 5.307426046176046
      }
    },
    "declare": {
      "ripper": {
        "precision": 0.8167176614235437,
        "recall": 0.7181818181818181,
        "f1": 0.7382531261841606,
        "accuracy": 0.7454545454545454,
        "auc": 0.7463636363636363,
        "anr": 2.2,
        "arl": 2.1166666666666663
      },
      "dt": {
        "precision": 0.7770744533244534,
        "recall": 0.7863636363636363,
        "f1": 0.7781158117245074,
        "accuracy": 0.759090909090909,
        "auc": 0.7529373278236914,
        "anr": 14.6,
        "arl": 5.493397646414888
      }
    },
    "h": {
      "ripper": {
        "precision": 0.8287556234615059,
        "recall": 0.6848484848484848,
        "f1": 0.7061110653464476,
        "accuracy": 0.7363636363636363,
        "auc": 0.7396969696969697,
        "anr": 2.0,
        "arl": 2.2499999999999996
      },
      "dt": {
        "precision": 0.7951136363636364,
        "recall": 0.7613636363636365,
        "f1": 0.7746659137963486,
        "accuracy": 0.7636363636363637,
        "auc": 0.7742183195592287,
        "anr": 9.9,
        "arl": 4.563113275613276
      }
    },
    "data": {
      "ripper": {
        "precision": 0.7197113997113997,
        "recall": 0.41060606060606053,
        "f1": 0.5121804564693917,
        "accuracy": 0.609090909090909,
        "auc": 0.623030303030303,
        "anr": 3.7,
        "arl": 2.208333333333333
      },
      "dt": {
        "precision": 0.7951243527714117,
        "recall": 0.7431818181818182,
        "f1": 0.7616087860165821,
        "accuracy": 0.75,
        "auc": 0.752190082644628,
        "anr": 11.0,
        "arl": 4.922381996658312
      }
    },
    "decld": {
      "ripper": {
        "precision": 0.8167176614235437,
        "recall": 0.7181818181818181,
        "f1": 0.7382531261841606,
        "accuracy": 0.7454545454545454,
        "auc": 0.7463636363636363,
        "anr": 2.2,
        "arl": 2.1166666666666663
      },
      "dt": {
        "precision": 0.7770744533244534,
        "recall": 0.7863636363636363,
        "f1": 0.7781158117245074,
        "accuracy": 0.759090909090909,
        "auc": 0.7529373278236914,
        "anr": 14.6,
        "arl": 5.493397646414888
      }
    },
    "data+ia": {
      "ripper": {
        "precision": 0.8664335664335665,
        "recall": 0.6075757575757577,
        "f1": 0.6931150147320561,
        "accuracy": 0.7318181818181818,
        "auc": 0.7406060606060606,
        "anr": 2.9,
        "arl": 2.0333333333333337
      },
      "dt": {
        "precision": 0.7837304362304363,
        "recall": 0.7954545454545454,
        "f1": 0.7862944302074737,
        "accuracy": 0.7681818181818182,
        "auc": 0.7317665289256199,
        "anr": 10.0,
        "arl": 4.76232905982906
      }
    },
    "data+mr": {
      "ripper": {
        "precision": 0.7446320346320345,
        "recall": 0.4704545454545454,
        "f1": 0.5699052832422061,
        "accuracy": 0.6318181818181818,
        "auc": 0.6438636363636363,
        "anr": 4.0,
        "arl": 2.3633333333333333
      },
      "dt": {
        "precision": 0.7790114379084967,
        "recall": 0.7431818181818182,
        "f1": 0.7508404239438722,
        "accuracy": 0.7363636363636363,
        "auc": 0.7317665289256199,
        "anr": 11.5,
        "arl": 5.007037545787545
      }
    },
    "data+tr": {
      "ripper": {
        "precision": 0.6919336219336218,
        "recall": 0.41060606060606053,
        "f1": 0.5051029588036587,
        "accuracy": 0.6,
        "auc": 0.613030303030303,
        "anr": 3.5,
        "arl": 2.2666666666666666
      },
      "dt": {
        "precision": 0.7998141074611663,
        "recall": 0.7522727272727272,
        "f1": 0.7676417385712738,
        "accuracy": 0.7545454545454546,
        "auc": 0.7607920110192838,
        "anr": 11.5,
        "arl": 4.961352054378371
      }
    },
    "data+mra": {
      "ripper": {
        "precision": 0.835974025974026,
        "recall": 0.35984848484848486,
        "f1": 0.45421752071233834,
        "accuracy": 0.6045454545454545,
        "auc": 0.6208333333333332,
        "anr": 2.5,
        "arl": 2.75
      },
      "dt": {
        "precision": 0.7840404040404041,
        "recall": 0.7265151515151514,
        "f1": 0.7480011293054771,
        "accuracy": 0.7363636363636364,
        "auc": 0.7388360881542699,
        "anr": 11.3,
        "arl": 5.043270757020758
      }
    },
    "data+tra": {
      "ripper": {
        "precision": 0.7030447330447331,